device_time,host_time,x,y,z
599616344840.3077,1780929512090.2551,-68,106,-1022
599616344840.3077,1780929512090.307,-70,107,-1019
599616344840.3077,1780929512090.327,-68,110,-1022
599616344840.3077,1780929512090.3398,-69,108,-1022
599616344840.3077,1780929512090.353,-68,107,-1026
599616344840.3077,1780929512090.392,-67,108,-1022
599616344840.3077,1780929512090.405,-70,109,-1021
599616344840.3077,1780929512090.548,-71,107,-1020
599616344840.3077,1780929512090.572,-67,103,-1022
599616344840.3077,1780929512090.586,-67,104,-1022
599616344840.3077,1780929512090.599,-70,107,-1021
599616344840.3077,1780929512090.6118,-71,105,-1019
599616344840.3077,1780929512090.624,-70,107,-1020
599616344840.3077,1780929512090.636,-72,109,-1018
599616344840.3077,1780929512090.648,-65,107,-1023
599616344840.3077,1780929512090.6602,-72,107,-1024
599616344840.3077,1780929512090.738,-68,105,-1021
599616344840.3077,1780929512090.7542,-70,106,-1022
599616344840.3077,1780929512090.768,-68,110,-1022
599616344840.3077,1780929512090.782,-71,108,-1020
599616344840.3077,1780929512090.795,-68,105,-1022
599616344840.3077,1780929512090.807,-69,103,-1021
599616344840.3077,1780929512090.8188,-70,110,-1018
599616344840.3077,1780929512090.831,-67,111,-1021
599616344840.3077,1780929512090.843,-71,106,-1021
599616344840.3077,1780929512090.856,-70,107,-1022
599616344840.3077,1780929512090.897,-70,108,-1021
599616344840.3077,1780929512090.912,-69,107,-1020
599616344840.3077,1780929512090.939,-70,105,-1021
599616344840.3077,1780929512090.9531,-69,105,-1022
599616344840.3077,1780929512090.987,-68,110,-1020
599616344840.3077,1780929512091.0498,-66,105,-1024
599616344840.3077,1780929512091.069,-70,107,-1023
599616344840.3077,1780929512091.083,-66,110,-1023
599616344840.3077,1780929512091.096,-67,107,-1020
599616344840.3077,1780929512091.1082,-68,105,-1022
599616345021.8594,1780929512268.27,-64,109,-1012
599616345021.8594,1780929512268.303,-67,106,-1017
599616345021.8594,1780929512268.3179,-67,109,-1022
599616345021.8594,1780929512268.33,-65,103,-1016
599616345021.8594,1780929512268.343,-67,104,-1017
599616345021.8594,1780929512268.3662,-67,108,-1022
599616345021.8594,1780929512268.379,-70,108,-1024
599616345021.8594,1780929512268.3909,-68,107,-1018
599616345021.8594,1780929512268.41,-68,107,-1020
599616345021.8594,1780929512268.4219,-67,109,-1021
599616345021.8594,1780929512268.435,-67,107,-1018
599616345021.8594,1780929512268.447,-68,110,-1024
599616345021.8594,1780929512268.46,-67,111,-1022
599616345021.8594,1780929512268.472,-68,106,-1020
599616345021.8594,1780929512268.4841,-65,104,-1018
599616345021.8594,1780929512268.496,-67,106,-1025
599616345021.8594,1780929512268.5088,-66,109,-1024
599616345021.8594,1780929512268.521,-65,107,-1018
599616345021.8594,1780929512268.534,-72,109,-1022
599616345021.8594,1780929512268.5461,-71,108,-1022
599616345021.8594,1780929512268.558,-67,108,-1016
599616345021.8594,1780929512268.5698,-66,107,-1020
599616345021.8594,1780929512268.582,-68,108,-1023
599616345021.8594,1780929512268.594,-68,109,-1018
599616345021.8594,1780929512268.606,-64,109,-1019
599616345021.8594,1780929512268.6191,-67,110,-1026
599616345021.8594,1780929512268.6309,-67,109,-1022
599616345021.8594,1780929512268.6428,-67,106,-1019
599616345021.8594,1780929512268.656,-70,106,-1018
599616345021.8594,1780929512268.6702,-69,108,-1022
599616345021.8594,1780929512268.6902,-69,108,-1021
599616345021.8594,1780929512268.703,-69,105,-1020
599616345021.8594,1780929512268.7148,-67,108,-1021
599616345021.8594,1780929512268.727,-63,105,-1022
599616345021.8594,1780929512268.74,-69,106,-1020
599616345021.8594,1780929512268.7522,-66,105,-1018
599616345203.4109,1780929512449.368,-63,102,-1023
599616345203.4109,1780929512449.396,-67,104,-1020
599616345203.4109,1780929512449.411,-66,106,-1025
599616345203.4109,1780929512449.424,-65,110,-1018
599616345203.4109,1780929512449.439,-67,109,-1020
599616345203.4109,1780929512449.4578,-66,108,-1018
599616345203.4109,1780929512449.47,-66,105,-1019
599616345203.4109,1780929512449.494,-67,106,-1016
599616345203.4109,1780929512449.51,-63,108,-1022
599616345203.4109,1780929512449.523,-63,108,-1021
599616345203.4109,1780929512449.535,-66,106,-1020
599616345203.4109,1780929512449.547,-65,107,-1017
599616345203.4109,1780929512449.5798,-67,107,-1029
599616345203.4109,1780929512449.614,-69,108,-1029
599616345203.4109,1780929512449.6309,-63,105,-1023
599616345203.4109,1780929512449.644,-65,108,-1022
599616345203.4109,1780929512449.657,-64,107,-1021
599616345203.4109,1780929512449.669,-67,107,-1017
599616345203.4109,1780929512449.6812,-67,108,-1021
599616345203.4109,1780929512449.6938,-67,107,-1026
599616345203.4109,1780929512449.706,-67,109,-1025
599616345203.4109,1780929512449.7222,-68,106,-1022
599616345203.4109,1780929512449.7349,-63,106,-1020
599616345203.4109,1780929512449.747,-69,107,-1022
599616345203.4109,1780929512449.759,-66,109,-1021
599616345203.4109,1780929512449.772,-67,108,-1026
599616345203.4109,1780929512449.795,-65,109,-1019
599616345203.4109,1780929512449.807,-63,107,-1024
599616345203.4109,1780929512449.82,-66,108,-1022
599616345203.4109,1780929512449.832,-68,108,-1020
599616345203.4109,1780929512449.845,-67,107,-1019
599616345203.4109,1780929512449.857,-65,106,-1024
599616345203.4109,1780929512449.87,-67,107,-1022
599616345203.4109,1780929512449.882,-71,109,-1022
599616345203.4109,1780929512449.894,-67,106,-1017
599616345203.4109,1780929512449.906,-68,107,-1021
599616345384.9625,1780929512627.824,-68,117,-1024
599616345384.9625,1780929512627.863,-66,109,-1020
599616345384.9625,1780929512627.877,-69,105,-1016
599616345384.9625,1780929512627.889,-64,107,-1019
599616345384.9625,1780929512627.938,-65,106,-1021
599616345384.9625,1780929512627.958,-70,105,-1021
599616345384.9625,1780929512628.0059,-70,105,-1020
599616345384.9625,1780929512628.019,-68,106,-1022
599616345384.9625,1780929512628.032,-72,108,-1022
599616345384.9625,1780929512628.078,-66,108,-1023
599616345384.9625,1780929512628.15,-68,108,-1023
599616345384.9625,1780929512628.167,-66,108,-1017
599616345384.9625,1780929512628.181,-64,110,-1024
599616345384.9625,1780929512628.194,-66,106,-1021
599616345384.9625,1780929512628.207,-66,109,-1026
599616345384.9625,1780929512628.219,-65,112,-1028
599616345384.9625,1780929512628.232,-67,107,-1023
599616345384.9625,1780929512628.244,-66,108,-1020
599616345384.9625,1780929512628.256,-64,107,-1024
599616345384.9625,1780929512628.27,-64,109,-1023
599616345384.9625,1780929512628.283,-66,107,-1021
599616345384.9625,1780929512628.297,-67,108,-1023
599616345384.9625,1780929512628.31,-65,107,-1022
599616345384.9625,1780929512628.3218,-65,105,-1023
599616345384.9625,1780929512628.335,-69,105,-1023
599616345384.9625,1780929512628.347,-67,106,-1020
599616345384.9625,1780929512628.3591,-65,109,-1025
599616345384.9625,1780929512628.371,-66,109,-1021
599616345384.9625,1780929512628.3928,-66,108,-1022
599616345384.9625,1780929512628.406,-65,107,-1019
599616345384.9625,1780929512628.418,-68,106,-1022
599616345384.9625,1780929512628.43,-65,109,-1029
599616345384.9625,1780929512628.443,-65,108,-1022
599616345384.9625,1780929512628.4548,-64,109,-1022
599616345384.9625,1780929512628.467,-65,108,-1023
599616345384.9625,1780929512628.48,-67,108,-1025
599616345566.4531,1780929512810.303,-63,109,-1025
599616345566.4531,1780929512810.365,-66,110,-1029
599616345566.4531,1780929512810.396,-63,108,-1024
599616345566.4531,1780929512810.424,-67,106,-1018
599616345566.4531,1780929512810.4502,-66,107,-1023
599616345566.4531,1780929512810.492,-66,109,-1020
599616345566.4531,1780929512810.519,-63,110,-1021
599616345566.4531,1780929512810.545,-67,108,-1024
599616345566.4531,1780929512810.571,-68,108,-1015
599616345566.4531,1780929512810.598,-64,107,-1018
599616345566.4531,1780929512810.6238,-68,108,-1022
599616345566.4531,1780929512810.6501,-67,111,-1022
599616345566.4531,1780929512810.677,-63,107,-1023
599616345566.4531,1780929512810.7031,-67,109,-1026
599616345566.4531,1780929512810.728,-67,109,-1026
599616345566.4531,1780929512810.7642,-69,110,-1020
599616345566.4531,1780929512810.791,-64,106,-1027
599616345566.4531,1780929512810.817,-66,108,-1022
599616345566.4531,1780929512810.843,-66,109,-1025
599616345566.4531,1780929512810.869,-65,108,-1021
599616345566.4531,1780929512810.905,-67,105,-1025
599616345566.4531,1780929512810.963,-68,106,-1021
599616345566.4531,1780929512810.982,-66,105,-1022
599616345566.4531,1780929512811.001,-64,106,-1021
599616345566.4531,1780929512811.02,-65,108,-1023
599616345566.4531,1780929512811.04,-64,109,-1025
599616345566.4531,1780929512811.059,-63,112,-1022
599616345566.4531,1780929512811.0781,-63,107,-1023
599616345566.4531,1780929512811.096,-69,108,-1020
599616345566.4531,1780929512811.121,-66,106,-1018
599616345566.4531,1780929512811.1401,-63,109,-1019
599616345566.4531,1780929512811.159,-63,103,-1025
599616345566.4531,1780929512811.178,-67,105,-1023
599616345566.4531,1780929512811.197,-69,108,-1024
599616345566.4531,1780929512811.216,-66,110,-1020
599616345566.4531,1780929512811.239,-66,108,-1023
599616345748.0352,1780929513034.432,-68,104,-1020
599616345748.0352,1780929513034.503,-67,109,-1022
599616345748.0352,1780929513034.532,-68,106,-1023
599616345748.0352,1780929513034.558,-69,103,-1017
599616345748.0352,1780929513034.586,-66,108,-1018
599616345748.0352,1780929513034.611,-67,108,-1023
599616345748.0352,1780929513034.638,-68,106,-1024
599616345748.0352,1780929513034.6638,-69,107,-1025
599616345748.0352,1780929513034.69,-66,111,-1024
599616345748.0352,1780929513034.7158,-66,105,-1023
599616345748.0352,1780929513034.741,-65,107,-1025
599616345748.0352,1780929513034.7668,-66,108,-1025
599616345748.0352,1780929513034.793,-66,106,-1018
599616345748.0352,1780929513034.8188,-66,105,-1020
599616345748.0352,1780929513034.8452,-66,103,-1015
599616345748.0352,1780929513034.871,-68,106,-1023
599616345748.0352,1780929513034.897,-70,108,-1023
599616345748.0352,1780929513034.923,-64,107,-1025
599616345748.0352,1780929513034.949,-66,107,-1023
599616345748.0352,1780929513034.975,-65,106,-1024
599616345748.0352,1780929513035.001,-67,108,-1024
599616345748.0352,1780929513035.0398,-68,108,-1019
599616345748.0352,1780929513035.0671,-64,109,-1018
599616345748.0352,1780929513035.094,-66,108,-1025
599616345748.0352,1780929513035.1191,-65,106,-1022
599616345748.0352,1780929513035.145,-65,107,-1020
599616345748.0352,1780929513035.1719,-65,104,-1023
599616345748.0352,1780929513035.197,-67,107,-1021
599616345748.0352,1780929513035.223,-66,109,-1023
599616345748.0352,1780929513035.249,-68,106,-1020
599616345748.0352,1780929513035.276,-64,107,-1020
599616345748.0352,1780929513035.302,-63,107,-1023
599616345748.0352,1780929513035.328,-63,108,-1026
599616345748.0352,1780929513035.356,-66,107,-1023
599616345748.0352,1780929513035.382,-67,107,-1021
599616345748.0352,1780929513035.408,-67,107,-1022
599616345929.5868,1780929513304.19,-63,106,-1020
599616345929.5868,1780929513304.231,-68,107,-1022
599616345929.5868,1780929513304.245,-67,108,-1023
599616345929.5868,1780929513304.2632,-64,104,-1027
599616345929.5868,1780929513304.276,-66,107,-1019
599616345929.5868,1780929513304.289,-66,108,-1024
599616345929.5868,1780929513304.303,-67,107,-1024
599616345929.5868,1780929513304.3152,-64,110,-1022
599616345929.5868,1780929513304.328,-66,106,-1020
599616345929.5868,1780929513304.341,-66,105,-1021
599616345929.5868,1780929513304.357,-65,106,-1022
599616345929.5868,1780929513304.371,-67,108,-1017
599616345929.5868,1780929513304.384,-67,106,-1022
599616345929.5868,1780929513304.3972,-67,106,-1020
599616345929.5868,1780929513304.41,-67,107,-1023
599616345929.5868,1780929513304.423,-67,108,-1026
599616345929.5868,1780929513304.436,-67,107,-1023
599616345929.5868,1780929513304.457,-66,107,-1023
599616345929.5868,1780929513304.47,-69,109,-1022
599616345929.5868,1780929513304.483,-66,109,-1022
599616345929.5868,1780929513304.496,-64,107,-1023
599616345929.5868,1780929513304.508,-68,107,-1025
599616345929.5868,1780929513304.521,-65,108,-1021
599616345929.5868,1780929513304.533,-69,108,-1027
599616345929.5868,1780929513304.5461,-66,106,-1021
599616345929.5868,1780929513304.559,-64,109,-1023
599616345929.5868,1780929513304.572,-65,109,-1023
599616345929.5868,1780929513304.586,-65,108,-1022
599616345929.5868,1780929513304.599,-69,105,-1024
599616345929.5868,1780929513304.611,-67,107,-1020
599616345929.5868,1780929513304.624,-68,108,-1023
599616345929.5868,1780929513304.637,-68,108,-1022
599616345929.5868,1780929513304.6501,-68,110,-1021
599616345929.5868,1780929513304.6628,-65,107,-1019
599616345929.5868,1780929513304.676,-65,108,-1021
599616345929.5868,1780929513304.688,-66,107,-1021
599616346111.1383,1780929513347.885,-65,113,-1025
599616346111.1383,1780929513347.914,-66,109,-1022
599616346111.1383,1780929513347.928,-66,106,-1018
599616346111.1383,1780929513347.941,-67,106,-1018
599616346111.1383,1780929513347.966,-66,106,-1017
599616346111.1383,1780929513347.979,-67,106,-1018
599616346111.1383,1780929513347.992,-65,108,-1023
599616346111.1383,1780929513348.0051,-66,108,-1023
599616346111.1383,1780929513348.126,-66,106,-1021
599616346111.1383,1780929513348.1392,-66,107,-1023
599616346111.1383,1780929513348.1519,-66,110,-1017
599616346111.1383,1780929513348.164,-65,109,-1024
599616346111.1383,1780929513348.176,-68,107,-1021
599616346111.1383,1780929513348.1892,-67,106,-1025
599616346111.1383,1780929513348.201,-68,107,-1019
599616346111.1383,1780929513348.2139,-67,108,-1019
599616346111.1383,1780929513348.226,-65,107,-1024
599616346111.1383,1780929513348.242,-68,107,-1022
599616346111.1383,1780929513348.254,-67,107,-1019
599616346111.1383,1780929513348.267,-67,109,-1023
599616346111.1383,1780929513348.279,-70,110,-1028
599616346111.1383,1780929513348.291,-64,108,-1029
599616346111.1383,1780929513348.304,-65,107,-1030
599616346111.1383,1780929513348.316,-68,107,-1026
599616346111.1383,1780929513348.3281,-65,108,-1021
599616346111.1383,1780929513348.34,-65,110,-1023
599616346111.1383,1780929513348.353,-67,108,-1024
599616346111.1383,1780929513348.375,-67,111,-1027
599616346111.1383,1780929513348.388,-66,107,-1026
599616346111.1383,1780929513348.4011,-65,108,-1021
599616346111.1383,1780929513348.413,-65,107,-1021
599616346111.1383,1780929513348.4248,-66,107,-1018
599616346111.1383,1780929513348.438,-67,105,-1018
599616346111.1383,1780929513348.45,-68,110,-1018
599616346111.1383,1780929513348.4622,-66,108,-1020
599616346111.1383,1780929513348.474,-67,104,-1019
599616346292.6289,1780929513528.6008,-65,114,-1022
599616346292.6289,1780929513528.6301,-67,108,-1020
599616346292.6289,1780929513528.644,-71,108,-1023
599616346292.6289,1780929513528.656,-67,106,-1024
599616346292.6289,1780929513528.6692,-68,107,-1025
599616346292.6289,1780929513528.687,-63,106,-1017
599616346292.6289,1780929513528.699,-68,108,-1020
599616346292.6289,1780929513528.7112,-69,107,-1024
599616346292.6289,1780929513528.7239,-68,108,-1022
599616346292.6289,1780929513528.736,-70,109,-1022
599616346292.6289,1780929513528.748,-67,105,-1021
599616346292.6289,1780929513528.761,-68,106,-1020
599616346292.6289,1780929513528.773,-67,109,-1025
599616346292.6289,1780929513528.785,-68,109,-1021
599616346292.6289,1780929513528.7969,-65,108,-1024
599616346292.6289,1780929513528.809,-64,108,-1017
599616346292.6289,1780929513528.821,-66,109,-1024
599616346292.6289,1780929513528.833,-71,106,-1023
599616346292.6289,1780929513528.845,-67,110,-1024
599616346292.6289,1780929513528.858,-65,108,-1023
599616346292.6289,1780929513528.87,-67,108,-1022
599616346292.6289,1780929513528.888,-65,108,-1025
599616346292.6289,1780929513528.9,-70,108,-1021
599616346292.6289,1780929513528.912,-65,108,-1025
599616346292.6289,1780929513528.924,-64,107,-1024
599616346292.6289,1780929513528.9358,-66,105,-1022
599616346292.6289,1780929513528.948,-66,109,-1023
599616346292.6289,1780929513528.961,-68,108,-1023
599616346292.6289,1780929513528.9731,-66,106,-1021
599616346292.6289,1780929513528.985,-64,106,-1021
599616346292.6289,1780929513528.9978,-66,105,-1020
599616346292.6289,1780929513529.01,-65,104,-1016
599616346292.6289,1780929513529.022,-66,106,-1019
599616346292.6289,1780929513529.0352,-66,105,-1022
599616346292.6289,1780929513529.047,-65,107,-1019
599616346292.6289,1780929513529.0588,-64,108,-1020
599616346474.0889,1780929513754.971,-66,109,-1028
599616346474.0889,1780929513755.023,-67,107,-1020
599616346474.0889,1780929513755.044,-64,106,-1024
599616346474.0889,1780929513755.064,-66,108,-1023
599616346474.0889,1780929513755.084,-67,106,-1020
599616346474.0889,1780929513755.1082,-69,107,-1022
599616346474.0889,1780929513755.128,-67,109,-1020
599616346474.0889,1780929513755.147,-65,107,-1023
599616346474.0889,1780929513755.166,-67,108,-1024
599616346474.0889,1780929513755.2112,-68,110,-1024
599616346474.0889,1780929513755.231,-69,106,-1024
599616346474.0889,1780929513755.251,-65,108,-1021
599616346474.0889,1780929513755.271,-70,105,-1024
599616346474.0889,1780929513755.29,-67,110,-1023
599616346474.0889,1780929513755.309,-68,109,-1021
599616346474.0889,1780929513755.3289,-67,109,-1022
599616346474.0889,1780929513755.348,-69,110,-1018
599616346474.0889,1780929513755.367,-68,110,-1022
599616346474.0889,1780929513755.3862,-69,107,-1021
599616346474.0889,1780929513755.405,-66,108,-1020
599616346474.0889,1780929513755.424,-67,106,-1024
599616346474.0889,1780929513755.443,-66,110,-1026
599616346474.0889,1780929513755.463,-67,105,-1023
599616346474.0889,1780929513755.482,-68,110,-1030
599616346474.0889,1780929513755.501,-66,108,-1025
599616346474.0889,1780929513755.52,-66,107,-1021
599616346474.0889,1780929513755.539,-66,107,-1023
599616346474.0889,1780929513755.5571,-70,107,-1024
599616346474.0889,1780929513755.576,-67,109,-1018
599616346474.0889,1780929513755.6091,-65,109,-1021
599616346474.0889,1780929513755.6292,-68,110,-1020
599616346474.0889,1780929513755.648,-65,109,-1022
599616346474.0889,1780929513755.6692,-68,108,-1023
599616346474.0889,1780929513755.695,-67,107,-1020
599616346474.0889,1780929513755.716,-64,104,-1016
599616346474.0889,1780929513755.7349,-66,107,-1019
599616346655.61,1780929513889.538,-73,106,-1020
599616346655.61,1780929513889.601,-68,107,-1016
599616346655.61,1780929513889.631,-66,105,-1015
599616346655.61,1780929513889.659,-65,107,-1019
599616346655.61,1780929513889.6921,-64,110,-1019
599616346655.61,1780929513889.719,-65,108,-1020
599616346655.61,1780929513889.7942,-68,107,-1027
599616346655.61,1780929513889.822,-68,104,-1019
599616346655.61,1780929513889.8489,-64,109,-1028
599616346655.61,1780929513889.944,-63,108,-1026
599616346655.61,1780929513889.968,-67,106,-1021
599616346655.61,1780929513889.988,-66,107,-1022
599616346655.61,1780929513890.008,-67,108,-1024
599616346655.61,1780929513890.0261,-65,108,-1026
599616346655.61,1780929513890.045,-67,108,-1021
599616346655.61,1780929513890.064,-68,108,-1022
599616346655.61,1780929513890.11,-65,109,-1024
599616346655.61,1780929513890.1301,-69,109,-1024
599616346655.61,1780929513890.1492,-68,108,-1024
599616346655.61,1780929513890.168,-68,109,-1028
599616346655.61,1780929513890.187,-64,109,-1022
599616346655.61,1780929513890.206,-64,105,-1021
599616346655.61,1780929513890.2249,-65,109,-1023
599616346655.61,1780929513890.244,-65,107,-1020
599616346655.61,1780929513890.2632,-63,108,-1021
599616346655.61,1780929513890.282,-66,106,-1019
599616346655.61,1780929513890.301,-68,108,-1024
599616346655.61,1780929513890.32,-61,107,-1023
599616346655.61,1780929513890.338,-64,106,-1023
599616346655.61,1780929513890.357,-67,110,-1023
599616346655.61,1780929513890.376,-64,109,-1023
599616346655.61,1780929513890.394,-69,109,-1024
599616346655.61,1780929513890.413,-65,112,-1025
599616346655.61,1780929513890.432,-64,107,-1021
599616346655.61,1780929513890.45,-67,107,-1021
599616346655.61,1780929513890.47,-65,107,-1021
599616346837.1005,1780929514068.6382,-65,112,-1019
599616346837.1005,1780929514068.677,-67,105,-1026
599616346837.1005,1780929514068.6929,-66,109,-1023
599616346837.1005,1780929514068.708,-67,108,-1023
599616346837.1005,1780929514068.723,-64,109,-1022
599616346837.1005,1780929514068.747,-68,108,-1023
599616346837.1005,1780929514068.762,-63,110,-1023
599616346837.1005,1780929514068.778,-63,105,-1022
599616346837.1005,1780929514068.793,-64,109,-1028
599616346837.1005,1780929514068.808,-65,108,-1024
599616346837.1005,1780929514068.823,-67,106,-1022
599616346837.1005,1780929514068.838,-66,106,-1024
599616346837.1005,1780929514068.852,-66,107,-1029
599616346837.1005,1780929514068.868,-65,110,-1027
599616346837.1005,1780929514068.883,-66,106,-1022
599616346837.1005,1780929514068.898,-64,106,-1019
599616346837.1005,1780929514068.912,-67,101,-1020
599616346837.1005,1780929514068.927,-71,104,-1022
599616346837.1005,1780929514068.9421,-68,109,-1024
599616346837.1005,1780929514068.957,-68,107,-1022
599616346837.1005,1780929514069.0059,-66,106,-1022
599616346837.1005,1780929514069.021,-67,108,-1023
599616346837.1005,1780929514069.036,-67,107,-1025
599616346837.1005,1780929514069.051,-70,108,-1025
599616346837.1005,1780929514069.0652,-67,106,-1022
599616346837.1005,1780929514069.08,-65,109,-1022
599616346837.1005,1780929514069.095,-67,107,-1017
599616346837.1005,1780929514069.1099,-68,105,-1020
599616346837.1005,1780929514069.281,-68,107,-1015
599616346837.1005,1780929514069.3,-68,104,-1022
599616346837.1005,1780929514069.315,-68,108,-1024
599616346837.1005,1780929514069.4028,-64,107,-1022
599616346837.1005,1780929514069.4211,-65,107,-1023
599616346837.1005,1780929514069.565,-68,108,-1025
599616346837.1005,1780929514069.617,-66,106,-1026
599616346837.1005,1780929514069.673,-65,108,-1024
599616347018.5911,1780929514250.149,-72,111,-1024
599616347018.5911,1780929514250.222,-66,106,-1022
599616347018.5911,1780929514250.251,-68,108,-1024
599616347018.5911,1780929514250.279,-69,108,-1025
599616347018.5911,1780929514250.306,-68,107,-1021
599616347018.5911,1780929514250.336,-69,107,-1023
599616347018.5911,1780929514250.363,-65,109,-1024
599616347018.5911,1780929514250.3901,-66,109,-1026
599616347018.5911,1780929514250.416,-69,107,-1024
599616347018.5911,1780929514250.4421,-70,108,-1021
599616347018.5911,1780929514250.468,-67,109,-1020
599616347018.5911,1780929514250.4949,-66,108,-1022
599616347018.5911,1780929514250.521,-68,102,-1016
599616347018.5911,1780929514250.5469,-66,106,-1020
599616347018.5911,1780929514250.573,-65,108,-1019
599616347018.5911,1780929514250.5989,-67,107,-1027
599616347018.5911,1780929514250.626,-66,108,-1022
599616347018.5911,1780929514250.652,-71,106,-1021
599616347018.5911,1780929514250.678,-70,104,-1022
599616347018.5911,1780929514250.705,-68,105,-1027
599616347018.5911,1780929514250.731,-69,107,-1028
599616347018.5911,1780929514250.757,-64,107,-1023
599616347018.5911,1780929514250.784,-68,107,-1022
599616347018.5911,1780929514250.812,-68,107,-1024
599616347018.5911,1780929514250.8381,-66,106,-1023
599616347018.5911,1780929514250.8792,-67,107,-1021
599616347018.5911,1780929514250.906,-69,105,-1022
599616347018.5911,1780929514250.932,-66,107,-1022
599616347018.5911,1780929514250.959,-70,104,-1020
599616347018.5911,1780929514250.9849,-67,106,-1021
599616347018.5911,1780929514251.011,-67,108,-1016
599616347018.5911,1780929514251.0369,-66,109,-1018
599616347018.5911,1780929514251.063,-66,107,-1022
599616347018.5911,1780929514251.089,-66,107,-1026
599616347018.5911,1780929514251.116,-67,108,-1026
599616347018.5911,1780929514251.142,-67,106,-1023
599616347200.112,1780929514474.261,-70,101,-1027
599616347200.112,1780929514474.324,-72,105,-1025
599616347200.112,1780929514474.355,-68,108,-1027
599616347200.112,1780929514474.3818,-69,106,-1026
599616347200.112,1780929514474.4092,-67,107,-1020
599616347200.112,1780929514474.442,-69,107,-1024
599616347200.112,1780929514474.469,-68,104,-1019
599616347200.112,1780929514474.4949,-68,104,-1027
599616347200.112,1780929514474.5222,-67,108,-1027
599616347200.112,1780929514474.5469,-68,106,-1022
599616347200.112,1780929514474.574,-69,107,-1021
599616347200.112,1780929514474.601,-69,109,-1025
599616347200.112,1780929514474.628,-69,111,-1021
599616347200.112,1780929514474.655,-68,106,-1020
599616347200.112,1780929514474.681,-66,110,-1024
599616347200.112,1780929514474.708,-67,107,-1022
599616347200.112,1780929514474.7341,-67,108,-1021
599616347200.112,1780929514474.76,-69,108,-1023
599616347200.112,1780929514474.7861,-69,106,-1020
599616347200.112,1780929514474.812,-69,105,-1018
599616347200.112,1780929514474.8389,-69,106,-1022
599616347200.112,1780929514474.865,-69,107,-1019
599616347200.112,1780929514474.893,-69,107,-1020
599616347200.112,1780929514474.92,-69,107,-1018
599616347200.112,1780929514474.947,-67,106,-1021
599616347200.112,1780929514474.973,-69,107,-1020
599616347200.112,1780929514475.0,-71,108,-1021
599616347200.112,1780929514475.026,-68,105,-1018
599616347200.112,1780929514475.0781,-68,106,-1024
599616347200.112,1780929514475.105,-68,108,-1023
599616347200.112,1780929514475.132,-71,108,-1022
599616347200.112,1780929514475.158,-69,104,-1021
599616347200.112,1780929514475.184,-69,109,-1024
599616347200.112,1780929514475.21,-68,109,-1024
599616347200.112,1780929514475.238,-69,106,-1024
599616347200.112,1780929514475.2678,-73,107,-1026
599616347381.5721,1780929514653.996,-65,105,-1023
599616347381.5721,1780929514654.0388,-74,105,-1021
599616347381.5721,1780929514654.0562,-69,108,-1023
599616347381.5721,1780929514654.093,-67,110,-1021
599616347381.5721,1780929514654.1182,-67,106,-1028
599616347381.5721,1780929514654.137,-70,106,-1022
599616347381.5721,1780929514654.276,-66,109,-1022
599616347381.5721,1780929514654.293,-69,108,-1024
599616347381.5721,1780929514654.308,-66,109,-1020
599616347381.5721,1780929514654.323,-70,104,-1019
599616347381.5721,1780929514654.338,-67,106,-1022
599616347381.5721,1780929514654.3528,-71,107,-1024
599616347381.5721,1780929514654.368,-69,106,-1020
599616347381.5721,1780929514654.383,-67,107,-1020
599616347381.5721,1780929514654.397,-68,106,-1017
599616347381.5721,1780929514654.412,-70,107,-1023
599616347381.5721,1780929514654.427,-72,106,-1022
599616347381.5721,1780929514654.449,-72,108,-1020
599616347381.5721,1780929514654.464,-66,104,-1022
599616347381.5721,1780929514654.479,-68,107,-1020
599616347381.5721,1780929514654.4932,-70,104,-1021
599616347381.5721,1780929514654.508,-71,107,-1021
599616347381.5721,1780929514654.523,-70,106,-1020
599616347381.5721,1780929514654.5378,-71,109,-1023
599616347381.5721,1780929514654.553,-72,108,-1026
599616347381.5721,1780929514654.614,-66,108,-1026
599616347381.5721,1780929514654.636,-73,106,-1020
599616347381.5721,1780929514654.667,-71,105,-1021
599616347381.5721,1780929514654.684,-71,106,-1024
599616347381.5721,1780929514654.699,-71,107,-1027
599616347381.5721,1780929514654.714,-73,105,-1019
599616347381.5721,1780929514654.729,-70,107,-1014
599616347381.5721,1780929514654.744,-69,107,-1019
599616347381.5721,1780929514654.8008,-70,107,-1023
599616347381.5721,1780929514654.816,-67,106,-1027
599616347381.5721,1780929514654.8582,-69,104,-1027
599616347563.0931,1780929514834.465,-68,102,-1029
599616347563.0931,1780929514834.528,-71,104,-1021
599616347563.0931,1780929514834.5598,-67,105,-1028
599616347563.0931,1780929514834.5881,-70,107,-1030
599616347563.0931,1780929514834.616,-74,108,-1031
599616347563.0931,1780929514834.6492,-68,106,-1021
599616347563.0931,1780929514834.677,-66,106,-1024
599616347563.0931,1780929514834.703,-69,110,-1023
599616347563.0931,1780929514834.7312,-69,108,-1022
599616347563.0931,1780929514834.758,-66,105,-1018
599616347563.0931,1780929514834.785,-70,105,-1021
599616347563.0931,1780929514834.812,-67,108,-1018
599616347563.0931,1780929514834.84,-68,106,-1021
599616347563.0931,1780929514834.866,-67,105,-1022
599616347563.0931,1780929514834.894,-69,106,-1021
599616347563.0931,1780929514834.92,-68,107,-1021
599616347563.0931,1780929514834.9458,-68,107,-1019
599616347563.0931,1780929514834.972,-71,107,-1020
599616347563.0931,1780929514834.999,-69,105,-1025
599616347563.0931,1780929514835.0251,-70,107,-1021
599616347563.0931,1780929514835.051,-71,106,-1022
599616347563.0931,1780929514835.078,-71,105,-1027
599616347563.0931,1780929514835.104,-70,107,-1024
599616347563.0931,1780929514835.13,-69,108,-1025
599616347563.0931,1780929514835.157,-72,109,-1024
599616347563.0931,1780929514835.1829,-71,107,-1023
599616347563.0931,1780929514835.2102,-69,109,-1021
599616347563.0931,1780929514835.237,-68,104,-1017
599616347563.0931,1780929514835.285,-70,105,-1019
599616347563.0931,1780929514835.312,-68,106,-1022
599616347563.0931,1780929514835.339,-68,107,-1020
599616347563.0931,1780929514835.366,-70,106,-1023
599616347563.0931,1780929514835.393,-71,108,-1025
599616347563.0931,1780929514835.419,-69,108,-1023
599616347563.0931,1780929514835.4458,-67,108,-1023
599616347563.0931,1780929514835.4722,-68,104,-1020
599616347744.6143,1780929515013.2192,-67,107,-1017
599616347744.6143,1780929515013.281,-69,106,-1022
599616347744.6143,1780929515013.313,-69,107,-1024
599616347744.6143,1780929515013.343,-71,105,-1021
599616347744.6143,1780929515013.3691,-70,109,-1019
599616347744.6143,1780929515013.396,-68,107,-1026
599616347744.6143,1780929515013.4229,-71,107,-1021
599616347744.6143,1780929515013.449,-67,106,-1023
599616347744.6143,1780929515013.4749,-69,106,-1016
599616347744.6143,1780929515013.501,-69,104,-1019
599616347744.6143,1780929515013.5269,-68,106,-1018
599616347744.6143,1780929515013.553,-68,108,-1024
599616347744.6143,1780929515013.5789,-65,107,-1021
599616347744.6143,1780929515013.6052,-70,106,-1026
599616347744.6143,1780929515013.631,-72,106,-1023
599616347744.6143,1780929515013.658,-73,107,-1026
599616347744.6143,1780929515013.684,-70,108,-1020
599616347744.6143,1780929515013.727,-67,106,-1020
599616347744.6143,1780929515013.7551,-70,107,-1016
599616347744.6143,1780929515013.783,-66,108,-1023
599616347744.6143,1780929515013.809,-67,108,-1027
599616347744.6143,1780929515013.836,-66,108,-1026
599616347744.6143,1780929515013.8618,-71,107,-1021
599616347744.6143,1780929515013.8892,-69,107,-1020
599616347744.6143,1780929515013.915,-67,105,-1021
599616347744.6143,1780929515013.942,-70,108,-1020
599616347744.6143,1780929515013.968,-68,105,-1020
599616347744.6143,1780929515013.9949,-67,106,-1022
599616347744.6143,1780929515014.0222,-66,109,-1021
599616347744.6143,1780929515014.049,-66,108,-1023
599616347744.6143,1780929515014.075,-70,106,-1018
599616347744.6143,1780929515014.102,-68,104,-1020
599616347744.6143,1780929515014.128,-68,108,-1019
599616347744.6143,1780929515014.155,-67,107,-1022
599616347744.6143,1780929515014.181,-67,106,-1023
599616347744.6143,1780929515014.2068,-71,106,-1022
599616347926.1049,1780929515196.9968,-65,105,-1029
599616347926.1049,1780929515197.033,-68,105,-1024
599616347926.1049,1780929515197.054,-69,106,-1019
599616347926.1049,1780929515197.321,-71,109,-1029
599616347926.1049,1780929515197.352,-67,109,-1024
599616347926.1049,1780929515197.402,-72,110,-1021
599616347926.1049,1780929515197.4248,-67,106,-1022
599616347926.1049,1780929515197.4438,-70,107,-1022
599616347926.1049,1780929515197.4639,-73,105,-1018
599616347926.1049,1780929515197.549,-67,107,-1023
599616347926.1049,1780929515197.5789,-68,107,-1018
599616347926.1049,1780929515197.5999,-67,109,-1026
599616347926.1049,1780929515197.697,-67,104,-1021
599616347926.1049,1780929515197.718,-69,108,-1021
599616347926.1049,1780929515197.738,-67,106,-1025
599616347926.1049,1780929515197.757,-66,110,-1025
599616347926.1049,1780929515197.7761,-68,109,-1024
599616347926.1049,1780929515197.795,-69,105,-1018
599616347926.1049,1780929515197.814,-70,105,-1025
599616347926.1049,1780929515197.8801,-66,104,-1021
599616347926.1049,1780929515197.905,-65,108,-1022
599616347926.1049,1780929515197.925,-65,105,-1024
599616347926.1049,1780929515198.046,-67,109,-1030
599616347926.1049,1780929515198.118,-65,108,-1022
599616347926.1049,1780929515198.139,-68,109,-1021
599616347926.1049,1780929515198.2542,-67,109,-1024
599616347926.1049,1780929515198.2761,-68,108,-1019
599616347926.1049,1780929515198.2952,-68,110,-1021
599616347926.1049,1780929515198.314,-63,106,-1021
599616347926.1049,1780929515198.334,-67,106,-1019
599616347926.1049,1780929515198.353,-68,107,-1022
599616347926.1049,1780929515198.442,-68,106,-1020
599616347926.1049,1780929515198.4639,-66,107,-1025
599616347926.1049,1780929515198.484,-69,106,-1022
599616347926.1049,1780929515198.504,-69,106,-1023
599616347926.1049,1780929515198.549,-67,107,-1024
599616348107.5343,1780929515419.096,-66,108,-1022
599616348107.5343,1780929515419.31,-67,108,-1026
599616348107.5343,1780929515419.562,-67,110,-1024
599616348107.5343,1780929515419.5981,-64,105,-1021
599616348107.5343,1780929515419.665,-67,108,-1021
599616348107.5343,1780929515419.915,-68,108,-1021
599616348107.5343,1780929515419.9531,-64,108,-1023
599616348107.5343,1780929515419.98,-68,107,-1018
599616348107.5343,1780929515420.3801,-70,103,-1015
599616348107.5343,1780929515420.395,-67,106,-1022
599616348107.5343,1780929515420.408,-67,107,-1023
599616348107.5343,1780929515420.421,-69,109,-1027
599616348107.5343,1780929515420.433,-67,107,-1030
599616348107.5343,1780929515420.4458,-68,106,-1021
599616348107.5343,1780929515420.458,-67,106,-1027
599616348107.5343,1780929515420.471,-67,107,-1024
599616348107.5343,1780929515420.4832,-63,107,-1018
599616348107.5343,1780929515420.495,-66,106,-1018
599616348107.5343,1780929515420.543,-64,108,-1024
599616348107.5343,1780929515420.5698,-67,109,-1031
599616348107.5343,1780929515420.583,-68,106,-1032
599616348107.5343,1780929515420.595,-67,110,-1028
599616348107.5343,1780929515420.6082,-67,111,-1024
599616348107.5343,1780929515420.6199,-69,110,-1019
599616348107.5343,1780929515420.633,-65,106,-1019
599616348107.5343,1780929515420.654,-65,107,-1027
599616348107.5343,1780929515420.667,-69,107,-1026
599616348107.5343,1780929515421.638,-66,107,-1023
599616348107.5343,1780929515421.664,-65,107,-1022
599616348107.5343,1780929515421.677,-67,105,-1027
599616348107.5343,1780929515421.69,-68,107,-1025
599616348107.5343,1780929515421.7031,-67,109,-1027
599616348107.5343,1780929515421.716,-67,109,-1022
599616348107.5343,1780929515421.7278,-65,107,-1019
599616348107.5343,1780929515421.741,-67,108,-1017
599616348107.5343,1780929515421.753,-71,109,-1024
599616348288.9333,1780929515600.413,-62,105,-1021
599616348288.9333,1780929515600.481,-67,107,-1019
599616348288.9333,1780929515600.514,-67,109,-1022
599616348288.9333,1780929515600.543,-66,107,-1023
599616348288.9333,1780929515600.5781,-68,107,-1025
599616348288.9333,1780929515600.606,-67,107,-1021
599616348288.9333,1780929515600.635,-68,106,-1021
599616348288.9333,1780929515600.6628,-64,107,-1025
599616348288.9333,1780929515600.6912,-65,109,-1025
599616348288.9333,1780929515600.718,-65,104,-1020
599616348288.9333,1780929515600.7458,-66,104,-1021
599616348288.9333,1780929515600.7732,-67,109,-1020
599616348288.9333,1780929515600.799,-66,107,-1023
599616348288.9333,1780929515600.826,-68,108,-1025
599616348288.9333,1780929515600.853,-67,108,-1031
599616348288.9333,1780929515600.88,-66,110,-1025
599616348288.9333,1780929515600.907,-66,107,-1026
599616348288.9333,1780929515600.933,-68,108,-1021
599616348288.9333,1780929515600.96,-68,111,-1024
599616348288.9333,1780929515600.987,-65,106,-1024
599616348288.9333,1780929515601.014,-66,107,-1021
599616348288.9333,1780929515601.042,-69,107,-1019
599616348288.9333,1780929515601.069,-68,107,-1019
599616348288.9333,1780929515601.096,-67,107,-1025
599616348288.9333,1780929515601.1218,-68,108,-1022
599616348288.9333,1780929515601.1492,-65,108,-1024
599616348288.9333,1780929515601.176,-65,107,-1021
599616348288.9333,1780929515601.203,-65,110,-1024
599616348288.9333,1780929515601.23,-65,107,-1023
599616348288.9333,1780929515601.257,-67,106,-1025
599616348288.9333,1780929515601.283,-63,107,-1024
599616348288.9333,1780929515601.31,-65,106,-1024
599616348288.9333,1780929515601.336,-68,107,-1021
599616348288.9333,1780929515601.363,-63,107,-1019
599616348288.9333,1780929515601.39,-67,109,-1026
599616348288.9333,1780929515601.416,-68,109,-1022
599616348470.3933,1780929515733.577,-67,102,-1013
599616348470.3933,1780929515733.64,-70,107,-1022
599616348470.3933,1780929515733.67,-64,108,-1024
599616348470.3933,1780929515733.698,-66,106,-1019
599616348470.3933,1780929515733.733,-68,104,-1019
599616348470.3933,1780929515733.76,-65,109,-1027
599616348470.3933,1780929515733.788,-67,107,-1020
599616348470.3933,1780929515733.814,-68,106,-1014
599616348470.3933,1780929515733.8408,-67,108,-1015
599616348470.3933,1780929515733.868,-65,107,-1024
599616348470.3933,1780929515733.896,-66,106,-1022
599616348470.3933,1780929515733.9238,-68,107,-1022
599616348470.3933,1780929515733.9512,-70,109,-1024
599616348470.3933,1780929515733.978,-66,109,-1026
599616348470.3933,1780929515734.005,-66,107,-1025
599616348470.3933,1780929515734.031,-65,107,-1026
599616348470.3933,1780929515734.056,-68,105,-1022
599616348470.3933,1780929515734.084,-65,106,-1022
599616348470.3933,1780929515734.11,-68,108,-1020
599616348470.3933,1780929515734.137,-71,106,-1024
599616348470.3933,1780929515734.164,-65,108,-1023
599616348470.3933,1780929515734.19,-65,109,-1025
599616348470.3933,1780929515734.217,-66,107,-1023
599616348470.3933,1780929515734.243,-70,107,-1022
599616348470.3933,1780929515734.27,-65,108,-1023
599616348470.3933,1780929515734.2961,-68,105,-1023
599616348470.3933,1780929515734.323,-65,107,-1024
599616348470.3933,1780929515734.349,-67,106,-1023
599616348470.3933,1780929515734.376,-67,111,-1023
599616348470.3933,1780929515734.431,-64,108,-1022
599616348470.3933,1780929515734.459,-66,108,-1025
599616348470.3933,1780929515734.486,-67,108,-1018
599616348470.3933,1780929515734.513,-66,108,-1022
599616348470.3933,1780929515734.54,-66,105,-1019
599616348470.3933,1780929515734.566,-67,104,-1015
599616348470.3933,1780929515734.592,-66,105,-1024
599616348651.8839,1780929515914.043,-65,104,-1025
599616348651.8839,1780929515914.143,-67,110,-1023
599616348651.8839,1780929515914.165,-64,107,-1027
599616348651.8839,1780929515914.186,-68,106,-1029
599616348651.8839,1780929515914.202,-67,104,-1025
599616348651.8839,1780929515914.263,-66,106,-1024
599616348651.8839,1780929515914.288,-68,106,-1023
599616348651.8839,1780929515914.305,-67,106,-1019
599616348651.8839,1780929515914.321,-66,107,-1022
599616348651.8839,1780929515914.351,-66,106,-1021
599616348651.8839,1780929515914.3728,-67,110,-1024
599616348651.8839,1780929515914.389,-65,109,-1022
599616348651.8839,1780929515914.4038,-66,107,-1024
599616348651.8839,1780929515914.42,-68,111,-1021
599616348651.8839,1780929515914.4348,-66,106,-1025
599616348651.8839,1780929515914.449,-68,106,-1022
599616348651.8839,1780929515914.464,-66,106,-1020
599616348651.8839,1780929515914.479,-66,108,-1022
599616348651.8839,1780929515914.4941,-63,107,-1021
599616348651.8839,1780929515914.509,-66,107,-1023
599616348651.8839,1780929515914.523,-68,110,-1024
599616348651.8839,1780929515914.539,-66,107,-1020
599616348651.8839,1780929515914.5542,-71,105,-1025
599616348651.8839,1780929515914.57,-65,108,-1019
599616348651.8839,1780929515914.5852,-67,108,-1025
599616348651.8839,1780929515914.5999,-69,107,-1023
599616348651.8839,1780929515914.6162,-67,110,-1020
599616348651.8839,1780929515914.64,-66,109,-1020
599616348651.8839,1780929515914.656,-66,106,-1019
599616348651.8839,1780929515914.671,-66,104,-1018
599616348651.8839,1780929515914.703,-65,105,-1022
599616348651.8839,1780929515914.718,-67,106,-1020
599616348651.8839,1780929515914.734,-63,108,-1020
599616348651.8839,1780929515914.749,-68,106,-1022
599616348651.8839,1780929515914.764,-67,107,-1023
599616348651.8839,1780929515914.779,-67,107,-1021
599616348833.3439,1780929516138.102,-63,104,-1018
599616348833.3439,1780929516138.13,-67,107,-1021
599616348833.3439,1780929516138.143,-68,106,-1021
599616348833.3439,1780929516138.155,-67,108,-1019
599616348833.3439,1780929516138.1682,-65,109,-1023
599616348833.3439,1780929516138.183,-65,109,-1023
599616348833.3439,1780929516138.196,-68,107,-1019
599616348833.3439,1780929516138.4038,-66,108,-1022
599616348833.3439,1780929516138.419,-65,106,-1022
599616348833.3439,1780929516138.4321,-67,109,-1021
599616348833.3439,1780929516138.477,-65,104,-1016
599616348833.3439,1780929516138.5,-66,107,-1023
599616348833.3439,1780929516138.5679,-67,109,-1028
599616348833.3439,1780929516138.973,-63,107,-1019
599616348833.3439,1780929516138.9912,-67,105,-1024
599616348833.3439,1780929516139.0059,-65,107,-1021
599616348833.3439,1780929516139.018,-67,108,-1020
599616348833.3439,1780929516139.03,-68,106,-1022
599616348833.3439,1780929516139.0432,-64,107,-1019
599616348833.3439,1780929516139.055,-65,108,-1025
599616348833.3439,1780929516139.0679,-69,106,-1022
599616348833.3439,1780929516139.106,-67,105,-1019
599616348833.3439,1780929516139.174,-65,104,-1020
599616348833.3439,1780929516139.1921,-64,105,-1017
599616348833.3439,1780929516139.263,-68,107,-1024
599616348833.3439,1780929516139.3499,-64,106,-1026
599616348833.3439,1780929516139.366,-66,106,-1023
599616348833.3439,1780929516139.3782,-66,106,-1024
599616348833.3439,1780929516139.442,-67,107,-1023
599616348833.3439,1780929516139.457,-64,104,-1027
599616348833.3439,1780929516139.4702,-67,108,-1023
599616348833.3439,1780929516139.482,-66,110,-1024
599616348833.3439,1780929516139.561,-66,106,-1023
599616348833.3439,1780929516139.574,-64,108,-1024
599616348833.3439,1780929516139.587,-66,105,-1026
599616348833.3439,1780929516139.599,-69,109,-1023
599616349014.7429,1780929516273.921,-64,101,-1015
599616349014.7429,1780929516273.966,-68,111,-1022
599616349014.7429,1780929516274.002,-65,109,-1025
599616349014.7429,1780929516274.018,-67,108,-1025
599616349014.7429,1780929516274.039,-67,106,-1022
599616349014.7429,1780929516274.054,-66,108,-1024
599616349014.7429,1780929516274.07,-66,105,-1021
599616349014.7429,1780929516274.084,-66,106,-1022
599616349014.7429,1780929516274.18,-66,105,-1021
599616349014.7429,1780929516274.1958,-65,107,-1019
599616349014.7429,1780929516274.211,-65,105,-1021
599616349014.7429,1780929516274.2258,-67,107,-1025
599616349014.7429,1780929516274.291,-65,113,-1023
599616349014.7429,1780929516274.312,-68,109,-1028
599616349014.7429,1780929516274.3289,-64,109,-1025
599616349014.7429,1780929516274.345,-69,106,-1019
599616349014.7429,1780929516274.3599,-65,107,-1021
599616349014.7429,1780929516274.375,-66,106,-1019
599616349014.7429,1780929516274.39,-67,104,-1015
599616349014.7429,1780929516274.405,-65,106,-1025
599616349014.7429,1780929516274.42,-67,109,-1025
599616349014.7429,1780929516274.437,-66,110,-1024
599616349014.7429,1780929516274.452,-68,107,-1021
599616349014.7429,1780929516274.467,-68,106,-1019
599616349014.7429,1780929516274.482,-65,106,-1021
599616349014.7429,1780929516274.497,-70,107,-1016
599616349014.7429,1780929516274.512,-65,108,-1025
599616349014.7429,1780929516274.527,-65,108,-1021
599616349014.7429,1780929516274.542,-66,107,-1021
599616349014.7429,1780929516274.5571,-65,107,-1022
599616349014.7429,1780929516274.5718,-66,109,-1028
599616349014.7429,1780929516274.587,-64,106,-1022
599616349014.7429,1780929516274.602,-64,109,-1025
599616349014.7429,1780929516274.631,-65,106,-1018
599616349014.7429,1780929516274.646,-68,104,-1018
599616349014.7429,1780929516274.6611,-63,107,-1023
599616349196.203,1780929516498.545,-65,104,-1019
599616349196.203,1780929516498.574,-63,108,-1026
599616349196.203,1780929516498.5881,-66,110,-1024
599616349196.203,1780929516498.614,-63,109,-1023
599616349196.203,1780929516498.627,-68,107,-1027
599616349196.203,1780929516498.6401,-65,109,-1023
599616349196.203,1780929516498.6538,-64,106,-1019
599616349196.203,1780929516498.666,-65,108,-1027
599616349196.203,1780929516498.679,-66,109,-1022
599616349196.203,1780929516498.6912,-66,109,-1022
599616349196.203,1780929516498.7039,-67,108,-1025
599616349196.203,1780929516498.716,-66,108,-1023
599616349196.203,1780929516498.729,-64,107,-1017
599616349196.203,1780929516498.741,-66,107,-1026
599616349196.203,1780929516498.754,-66,105,-1020
599616349196.203,1780929516498.7659,-67,104,-1013
599616349196.203,1780929516498.779,-68,108,-1018
599616349196.203,1780929516498.791,-67,105,-1020
599616349196.203,1780929516498.8042,-70,108,-1021
599616349196.203,1780929516498.816,-67,108,-1020
599616349196.203,1780929516498.828,-68,107,-1021
599616349196.203,1780929516498.841,-66,109,-1021
599616349196.203,1780929516498.853,-67,110,-1026
599616349196.203,1780929516498.866,-65,106,-1022
599616349196.203,1780929516498.878,-66,108,-1022
599616349196.203,1780929516498.891,-67,106,-1021
599616349196.203,1780929516498.903,-68,106,-1024
599616349196.203,1780929516498.916,-64,108,-1027
599616349196.203,1780929516498.928,-67,108,-1020
599616349196.203,1780929516498.947,-66,108,-1023
599616349196.203,1780929516498.96,-64,107,-1024
599616349196.203,1780929516498.973,-67,110,-1029
599616349196.203,1780929516498.985,-66,108,-1023
599616349196.203,1780929516498.998,-66,108,-1024
599616349196.203,1780929516499.01,-68,107,-1023
599616349196.203,1780929516499.023,-66,108,-1021
599616349377.6019,1780929516633.912,-74,100,-1023
599616349377.6019,1780929516633.945,-65,108,-1023
599616349377.6019,1780929516633.958,-64,108,-1023
599616349377.6019,1780929516633.972,-65,110,-1027
599616349377.6019,1780929516633.985,-64,106,-1024
599616349377.6019,1780929516633.9978,-63,107,-1021
599616349377.6019,1780929516634.011,-63,106,-1022
599616349377.6019,1780929516634.023,-65,105,-1022
599616349377.6019,1780929516634.0361,-69,108,-1023
599616349377.6019,1780929516634.0488,-67,107,-1019
599616349377.6019,1780929516634.062,-65,110,-1024
599616349377.6019,1780929516634.074,-65,109,-1024
599616349377.6019,1780929516634.0872,-63,110,-1021
599616349377.6019,1780929516634.099,-64,109,-1023
599616349377.6019,1780929516634.1118,-66,106,-1023
599616349377.6019,1780929516634.124,-65,106,-1022
599616349377.6019,1780929516634.137,-65,107,-1021
599616349377.6019,1780929516634.1492,-66,109,-1025
599616349377.6019,1780929516634.1619,-65,109,-1023
599616349377.6019,1780929516634.174,-69,108,-1025
599616349377.6019,1780929516634.186,-64,109,-1024
599616349377.6019,1780929516634.199,-66,108,-1027
599616349377.6019,1780929516634.2112,-68,110,-1028
599616349377.6019,1780929516634.2239,-69,107,-1023
599616349377.6019,1780929516634.236,-66,106,-1017
599616349377.6019,1780929516634.249,-67,109,-1022
599616349377.6019,1780929516634.261,-64,109,-1021
599616349377.6019,1780929516634.274,-67,107,-1023
599616349377.6019,1780929516634.287,-65,110,-1027
599616349377.6019,1780929516634.3,-67,109,-1027
599616349377.6019,1780929516634.313,-63,109,-1026
599616349377.6019,1780929516634.326,-67,109,-1024
599616349377.6019,1780929516634.338,-65,111,-1027
599616349377.6019,1780929516634.351,-66,110,-1024
599616349377.6019,1780929516634.363,-67,108,-1021
599616349377.6019,1780929516634.376,-66,106,-1029
599616349559.0009,1780929516812.633,-64,108,-1024
599616349559.0009,1780929516812.678,-66,107,-1024
599616349559.0009,1780929516812.706,-69,106,-1022
599616349559.0009,1780929516812.72,-66,107,-1027
599616349559.0009,1780929516812.733,-68,110,-1026
599616349559.0009,1780929516812.746,-67,106,-1021
599616349559.0009,1780929516812.759,-67,104,-1026
599616349559.0009,1780929516812.771,-69,107,-1020
599616349559.0009,1780929516812.784,-62,107,-1017
599616349559.0009,1780929516812.7961,-65,110,-1021
599616349559.0009,1780929516812.808,-65,108,-1021
599616349559.0009,1780929516812.8208,-65,107,-1021
599616349559.0009,1780929516812.833,-61,108,-1018
599616349559.0009,1780929516812.845,-68,110,-1020
599616349559.0009,1780929516812.8582,-66,106,-1020
599616349559.0009,1780929516812.87,-63,108,-1025
599616349559.0009,1780929516812.8818,-64,107,-1019
599616349559.0009,1780929516812.898,-66,109,-1025
599616349559.0009,1780929516812.9102,-63,109,-1021
599616349559.0009,1780929516812.9229,-67,108,-1021
599616349559.0009,1780929516812.935,-65,106,-1022
599616349559.0009,1780929516812.947,-65,108,-1026
599616349559.0009,1780929516812.96,-65,109,-1023
599616349559.0009,1780929516812.9722,-69,106,-1024
599616349559.0009,1780929516812.984,-66,109,-1020
599616349559.0009,1780929516812.997,-66,107,-1022
599616349559.0009,1780929516813.009,-67,110,-1027
599616349559.0009,1780929516813.022,-69,106,-1025
599616349559.0009,1780929516813.0342,-68,110,-1027
599616349559.0009,1780929516813.046,-65,107,-1023
599616349559.0009,1780929516813.06,-65,109,-1021
599616349559.0009,1780929516813.073,-64,110,-1028
599616349559.0009,1780929516813.085,-63,106,-1024
599616349559.0009,1780929516813.098,-65,107,-1023
599616349559.0009,1780929516813.134,-70,105,-1021
599616349559.0009,1780929516813.151,-68,109,-1022
