device_time,host_time,ecg
599616345083.9126,1780929512358.843,6084
599616345083.9126,1780929512358.871,6284
599616345083.9126,1780929512358.878,6480
599616345083.9126,1780929512358.885,6646
599616345083.9126,1780929512358.8928,6814
599616345083.9126,1780929512358.8992,6987
599616345083.9126,1780929512358.905,7028
599616345083.9126,1780929512358.9111,7051
599616345083.9126,1780929512358.917,7205
599616345083.9126,1780929512358.9238,7340
599616345083.9126,1780929512358.929,7392
599616345083.9126,1780929512358.936,7490
599616345083.9126,1780929512358.9421,7594
599616345083.9126,1780929512358.948,7628
599616345083.9126,1780929512358.9539,7703
599616345083.9126,1780929512358.96,7797
599616345083.9126,1780929512358.984,7829
599616345083.9126,1780929512358.991,7883
599616345083.9126,1780929512358.997,7940
599616345083.9126,1780929512359.0032,7956
599616345083.9126,1780929512359.009,8011
599616345083.9126,1780929512359.015,8061
599616345083.9126,1780929512359.021,8054
599616345083.9126,1780929512359.028,8081
599616345083.9126,1780929512359.0332,8168
599616345083.9126,1780929512359.04,8277
599616345083.9126,1780929512359.046,8265
599616345083.9126,1780929512359.052,8099
599616345083.9126,1780929512359.0579,8065
599616345083.9126,1780929512359.065,8147
599616345083.9126,1780929512359.071,8111
599616345083.9126,1780929512359.077,8063
599616345083.9126,1780929512359.082,8124
599616345083.9126,1780929512359.0889,8197
599616345083.9126,1780929512359.0952,8177
599616345083.9126,1780929512359.101,8086
599616345083.9126,1780929512359.107,8022
599616345083.9126,1780929512359.113,8017
599616345083.9126,1780929512359.1199,8031
599616345083.9126,1780929512359.126,8017
599616345083.9126,1780929512359.132,7990
599616345083.9126,1780929512359.139,7963
599616345083.9126,1780929512359.145,7924
599616345083.9126,1780929512359.151,7915
599616345083.9126,1780929512359.157,7967
599616345083.9126,1780929512359.163,8074
599616345083.9126,1780929512359.168,8129
599616345083.9126,1780929512359.174,7929
599616345083.9126,1780929512359.18,7663
599616345083.9126,1780929512359.186,7622
599616345083.9126,1780929512359.192,7642
599616345083.9126,1780929512359.199,7578
599616345083.9126,1780929512359.205,7531
599616345083.9126,1780929512359.211,7483
599616345083.9126,1780929512359.217,7387
599616345083.9126,1780929512359.223,7326
599616345083.9126,1780929512359.229,7326
599616345083.9126,1780929512359.235,7305
599616345083.9126,1780929512359.241,7246
599616345083.9126,1780929512359.247,7185
599616345083.9126,1780929512359.253,7135
599616345083.9126,1780929512359.2588,7098
599616345083.9126,1780929512359.2651,7083
599616345083.9126,1780929512359.271,7064
599616345083.9126,1780929512359.277,7023
599616345083.9126,1780929512359.2861,7010
599616345083.9126,1780929512359.291,7030
599616345083.9126,1780929512359.298,6937
599616345083.9126,1780929512359.304,6791
599616345083.9126,1780929512359.3098,6951
599616345083.9126,1780929512359.3162,7335
599616345083.9126,1780929512359.322,7324
599616345083.9126,1780929512359.3271,6637
599616345645.81,1780929512944.805,5806
599616345645.81,1780929512944.8381,5654
599616345645.81,1780929512944.8499,6093
599616345645.81,1780929512944.8618,6293
599616345645.81,1780929512944.8801,6166
599616345645.81,1780929512944.8909,6127
599616345645.81,1780929512944.901,6148
599616345645.81,1780929512944.911,6114
599616345645.81,1780929512944.9202,6116
599616345645.81,1780929512944.9302,6064
599616345645.81,1780929512944.939,5893
599616345645.81,1780929512944.949,5809
599616345645.81,1780929512944.9602,5834
599616345645.81,1780929512944.97,5861
599616345645.81,1780929512944.979,5818
599616345645.81,1780929512944.988,5636
599616345645.81,1780929512944.997,5504
599616345645.81,1780929512945.007,5518
599616345645.81,1780929512945.017,5502
599616345645.81,1780929512945.027,5463
599616345645.81,1780929512945.039,5472
599616345645.81,1780929512945.049,5386
599616345645.81,1780929512945.058,5231
599616345645.81,1780929512945.067,5215
599616345645.81,1780929512945.077,5270
599616345645.81,1780929512945.086,5247
599616345645.81,1780929512945.095,5170
599616345645.81,1780929512945.105,5106
599616345645.81,1780929512945.115,5085
599616345645.81,1780929512945.124,5076
599616345645.81,1780929512945.134,5060
599616345645.81,1780929512945.143,5051
599616345645.81,1780929512945.153,5022
599616345645.81,1780929512945.162,4960
599616345645.81,1780929512945.172,4869
599616345645.81,1780929512945.181,4692
599616345645.81,1780929512945.1921,4526
599616345645.81,1780929512945.2021,4469
599616345645.81,1780929512945.211,4380
599616345645.81,1780929512945.221,4228
599616345645.81,1780929512945.231,4144
599616345645.81,1780929512945.24,4119
599616345645.81,1780929512945.25,4071
599616345645.81,1780929512945.259,4037
599616345645.81,1780929512945.269,3987
599616345645.81,1780929512945.2979,3857
599616345645.81,1780929512945.3079,3782
599616345645.81,1780929512945.3188,3791
599616345645.81,1780929512945.3289,3771
599616345645.81,1780929512945.3481,3741
599616345645.81,1780929512945.3572,3709
599616345645.81,1780929512945.3672,3639
599616345645.81,1780929512945.3772,3596
599616345645.81,1780929512945.386,3600
599616345645.81,1780929512945.395,3605
599616345645.81,1780929512945.405,3543
599616345645.81,1780929512945.416,3418
599616345645.81,1780929512945.485,3336
599616345645.81,1780929512945.496,3295
599616345645.81,1780929512945.506,3257
599616345645.81,1780929512945.515,3241
599616345645.81,1780929512945.524,3227
599616345645.81,1780929512945.533,3177
599616345645.81,1780929512945.549,3118
599616345645.81,1780929512945.558,3097
599616345645.81,1780929512945.568,3082
599616345645.81,1780929512946.265,3059
599616345645.81,1780929512946.2832,3027
599616345645.81,1780929512946.312,2938
599616345645.81,1780929512946.322,2845
599616345645.81,1780929512946.331,2836
599616345645.81,1780929512946.341,2836
599616345645.81,1780929512946.351,2809
599616346207.682,1780929513484.262,2800
599616346207.682,1780929513484.294,2777
599616346207.682,1780929513484.302,2677
599616346207.682,1780929513484.315,2570
599616346207.682,1780929513484.324,2558
599616346207.682,1780929513484.333,2572
599616346207.682,1780929513484.3408,2538
599616346207.682,1780929513484.349,2495
599616346207.682,1780929513484.3572,2467
599616346207.682,1780929513484.364,2451
599616346207.682,1780929513484.3718,2445
599616346207.682,1780929513484.3801,2440
599616346207.682,1780929513484.3892,2399
599616346207.682,1780929513484.397,2315
599616346207.682,1780929513484.404,2274
599616346207.682,1780929513484.4119,2285
599616346207.682,1780929513484.4202,2251
599616346207.682,1780929513484.427,2179
599616346207.682,1780929513484.435,2154
599616346207.682,1780929513484.442,2147
599616346207.682,1780929513484.4502,2135
599616346207.682,1780929513484.457,2147
599616346207.682,1780929513484.4648,2133
599616346207.682,1780929513484.472,2076
599616346207.682,1780929513484.48,2022
599616346207.682,1780929513484.487,1960
599616346207.682,1780929513484.4949,1903
599616346207.682,1780929513484.504,1890
599616346207.682,1780929513484.5122,1890
599616346207.682,1780929513484.52,1869
599616346207.682,1780929513484.527,1826
599616346207.682,1780929513484.535,1780
599616346207.682,1780929513484.543,1751
599616346207.682,1780929513484.551,1746
599616346207.682,1780929513484.558,1746
599616346207.682,1780929513484.566,1733
599616346207.682,1780929513484.573,1708
599616346207.682,1780929513484.581,1687
599616346207.682,1780929513484.588,1671
599616346207.682,1780929513484.595,1662
599616346207.682,1780929513484.603,1651
599616346207.682,1780929513484.611,1644
599616346207.682,1780929513484.618,1621
599616346207.682,1780929513484.625,1553
599616346207.682,1780929513484.634,1523
599616346207.682,1780929513484.641,1621
599616346207.682,1780929513484.648,1874
599616346207.682,1780929513484.656,2199
599616346207.682,1780929513484.663,2133
599616346207.682,1780929513484.67,1364
599616346207.682,1780929513484.678,666
599616346207.682,1780929513484.685,841
599616346207.682,1780929513484.6921,1321
599616346207.682,1780929513484.7,1412
599616346207.682,1780929513484.707,1355
599616346207.682,1780929513484.7158,1398
599616346207.682,1780929513484.7231,1401
599616346207.682,1780929513484.731,1373
599616346207.682,1780929513484.738,1378
599616346207.682,1780929513484.746,1346
599616346207.682,1780929513484.753,1294
599616346207.682,1780929513484.761,1294
599616346207.682,1780929513484.7678,1278
599616346207.682,1780929513484.7761,1198
599616346207.682,1780929513484.783,1137
599616346207.682,1780929513484.79,1116
599616346207.682,1780929513484.7979,1103
599616346207.682,1780929513484.8052,1105
599616346207.682,1780929513484.813,1119
599616346207.682,1780929513484.821,1132
599616346207.682,1780929513484.828,1144
599616346207.682,1780929513484.835,1148
599616346207.682,1780929513484.843,1160
599616346769.554,1780929514025.0781,1180
599616346769.554,1780929514025.1228,1198
599616346769.554,1780929514025.1392,1225
599616346769.554,1780929514025.1528,1255
599616346769.554,1780929514025.167,1276
599616346769.554,1780929514025.1802,1298
599616346769.554,1780929514025.1938,1314
599616346769.554,1780929514025.229,1291
599616346769.554,1780929514025.2422,1266
599616346769.554,1780929514025.255,1235
599616346769.554,1780929514025.268,1146
599616346769.554,1780929514025.281,1034
599616346769.554,1780929514025.294,957
599616346769.554,1780929514025.307,896
599616346769.554,1780929514025.326,821
599616346769.554,1780929514025.3389,725
599616346769.554,1780929514025.353,652
599616346769.554,1780929514025.366,632
599616346769.554,1780929514025.379,623
599616346769.554,1780929514025.392,609
599616346769.554,1780929514025.405,611
599616346769.554,1780929514025.418,609
599616346769.554,1780929514025.43,607
599616346769.554,1780929514025.443,623
599616346769.554,1780929514025.456,634
599616346769.554,1780929514025.469,636
599616346769.554,1780929514025.481,643
599616346769.554,1780929514025.4941,648
599616346769.554,1780929514025.51,652
599616346769.554,1780929514025.523,664
599616346769.554,1780929514025.5361,645
599616346769.554,1780929514025.5488,593
599616346769.554,1780929514025.561,566
599616346769.554,1780929514025.574,577
599616346769.554,1780929514025.5872,591
599616346769.554,1780929514025.599,595
599616346769.554,1780929514025.612,598
599616346769.554,1780929514025.625,598
599616346769.554,1780929514025.637,589
599616346769.554,1780929514025.65,573
599616346769.554,1780929514025.6628,564
599616346769.554,1780929514025.675,570
599616346769.554,1780929514025.708,577
599616346769.554,1780929514025.72,570
599616346769.554,1780929514025.733,543
599616346769.554,1780929514025.746,509
599616346769.554,1780929514025.758,514
599616346769.554,1780929514025.771,536
599616346769.554,1780929514025.784,536
599616346769.554,1780929514025.7969,534
599616346769.554,1780929514025.81,541
599616346769.554,1780929514025.822,509
599616346769.554,1780929514025.835,470
599616346769.554,1780929514025.847,482
599616346769.554,1780929514025.8591,495
599616346769.554,1780929514025.872,486
599616346769.554,1780929514025.903,484
599616346769.554,1780929514025.917,493
599616346769.554,1780929514025.929,504
599616346769.554,1780929514025.9421,509
599616346769.554,1780929514025.954,504
599616346769.554,1780929514025.9668,477
599616346769.554,1780929514025.979,436
599616346769.554,1780929514025.991,425
599616346769.554,1780929514026.0261,452
599616346769.554,1780929514026.0388,466
599616346769.554,1780929514026.051,459
599616346769.554,1780929514026.0898,454
599616346769.554,1780929514026.103,457
599616346769.554,1780929514026.115,464
599616346769.554,1780929514026.1309,466
599616346769.554,1780929514026.181,432
599616346769.554,1780929514026.215,370
599616347331.426,1780929514610.341,352
599616347331.426,1780929514610.376,373
599616347331.426,1780929514610.3872,393
599616347331.426,1780929514610.398,425
599616347331.426,1780929514610.4072,457
599616347331.426,1780929514610.417,466
599616347331.426,1780929514610.426,450
599616347331.426,1780929514610.436,416
599616347331.426,1780929514610.446,386
599616347331.426,1780929514610.455,384
599616347331.426,1780929514610.483,386
599616347331.426,1780929514610.493,363
599616347331.426,1780929514610.502,307
599616347331.426,1780929514610.513,261
599616347331.426,1780929514610.522,259
599616347331.426,1780929514610.531,282
599616347331.426,1780929514610.5398,293
599616347331.426,1780929514610.555,295
599616347331.426,1780929514610.564,288
599616347331.426,1780929514610.574,259
599616347331.426,1780929514610.584,229
599616347331.426,1780929514610.594,243
599616347331.426,1780929514610.603,270
599616347331.426,1780929514610.6118,270
599616347331.426,1780929514610.621,266
599616347331.426,1780929514610.631,288
599616347331.426,1780929514610.6401,318
599616347331.426,1780929514610.6501,370
599616347331.426,1780929514610.659,532
599616347331.426,1780929514610.669,862
599616347331.426,1780929514610.678,1098
599616347331.426,1780929514610.688,716
599616347331.426,1780929514610.697,-147
599616347331.426,1780929514610.706,-482
599616347331.426,1780929514610.716,-45
599616347331.426,1780929514610.731,266
599616347331.426,1780929514610.741,206
599616347331.426,1780929514610.757,218
599616347331.426,1780929514610.7668,291
599616347331.426,1780929514610.776,250
599616347331.426,1780929514610.786,200
599616347331.426,1780929514610.795,213
599616347331.426,1780929514610.8042,229
599616347331.426,1780929514610.8142,236
599616347331.426,1780929514610.823,261
599616347331.426,1780929514610.833,286
599616347331.426,1780929514610.842,302
599616347331.426,1780929514610.851,307
599616347331.426,1780929514610.861,309
599616347331.426,1780929514610.8699,329
599616347331.426,1780929514610.887,357
599616347331.426,1780929514611.0042,377
599616347331.426,1780929514611.023,393
599616347331.426,1780929514611.034,398
599616347331.426,1780929514611.043,411
599616347331.426,1780929514611.054,445
599616347331.426,1780929514611.064,482
599616347331.426,1780929514611.074,518
599616347331.426,1780929514611.083,541
599616347331.426,1780929514611.092,525
599616347331.426,1780929514611.102,507
599616347331.426,1780929514611.115,536
599616347331.426,1780929514611.124,557
599616347331.426,1780929514611.133,550
599616347331.426,1780929514611.143,541
599616347331.426,1780929514611.1519,500
599616347331.426,1780929514611.161,445
599616347331.426,1780929514611.1692,413
599616347331.426,1780929514611.178,373
599616347331.426,1780929514611.187,307
599616347331.426,1780929514611.197,241
599616347331.426,1780929514611.206,179
599616347331.426,1780929514611.259,138
599616347893.3285,1780929515195.111,129
599616347893.3285,1780929515195.1548,127
599616347893.3285,1780929515195.17,122
599616347893.3285,1780929515195.2761,118
599616347893.3285,1780929515195.3052,109
599616347893.3285,1780929515195.3198,113
599616347893.3285,1780929515195.334,125
599616347893.3285,1780929515195.3481,93
599616347893.3285,1780929515195.3608,34
599616347893.3285,1780929515195.374,-6
599616347893.3285,1780929515195.387,-27
599616347893.3285,1780929515195.401,-15
599616347893.3285,1780929515195.413,22
599616347893.3285,1780929515195.426,45
599616347893.3285,1780929515195.4392,52
599616347893.3285,1780929515195.451,31
599616347893.3285,1780929515195.4639,11
599616347893.3285,1780929515195.476,29
599616347893.3285,1780929515195.489,65
599616347893.3285,1780929515195.501,81
599616347893.3285,1780929515195.54,86
599616347893.3285,1780929515195.554,79
599616347893.3285,1780929515195.566,70
599616347893.3285,1780929515195.579,86
599616347893.3285,1780929515195.591,113
599616347893.3285,1780929515195.604,129
599616347893.3285,1780929515195.617,136
599616347893.3285,1780929515195.629,109
599616347893.3285,1780929515195.641,65
599616347893.3285,1780929515195.653,75
599616347893.3285,1780929515195.666,111
599616347893.3285,1780929515195.678,122
599616347893.3285,1780929515195.6912,122
599616347893.3285,1780929515195.7031,118
599616347893.3285,1780929515195.7148,113
599616347893.3285,1780929515195.728,129
599616347893.3285,1780929515195.751,152
599616347893.3285,1780929515195.7642,161
599616347893.3285,1780929515195.776,145
599616347893.3285,1780929515195.789,106
599616347893.3285,1780929515195.801,102
599616347893.3285,1780929515195.814,122
599616347893.3285,1780929515195.8262,141
599616347893.3285,1780929515195.838,152
599616347893.3285,1780929515195.851,156
599616347893.3285,1780929515195.863,156
599616347893.3285,1780929515195.875,156
599616347893.3285,1780929515195.888,152
599616347893.3285,1780929515195.9,120
599616347893.3285,1780929515195.9119,100
599616347893.3285,1780929515195.925,109
599616347893.3285,1780929515195.937,113
599616347893.3285,1780929515195.949,100
599616347893.3285,1780929515195.962,86
599616347893.3285,1780929515195.978,93
599616347893.3285,1780929515195.991,120
599616347893.3285,1780929515196.004,138
599616347893.3285,1780929515196.017,154
599616347893.3285,1780929515196.0298,188
599616347893.3285,1780929515196.042,222
599616347893.3285,1780929515196.06,225
599616347893.3285,1780929515196.074,186
599616347893.3285,1780929515196.172,141
599616347893.3285,1780929515196.185,125
599616347893.3285,1780929515196.198,131
599616347893.3285,1780929515196.21,127
599616347893.3285,1780929515196.223,118
599616347893.3285,1780929515196.2349,102
599616347893.3285,1780929515196.248,70
599616347893.3285,1780929515196.26,52
599616347893.3285,1780929515196.2732,65
599616347893.3285,1780929515196.368,86
599616347893.3285,1780929515196.39,100
599616348455.2004,1780929515736.326,111
599616348455.2004,1780929515736.345,118
599616348455.2004,1780929515736.355,127
599616348455.2004,1780929515736.365,136
599616348455.2004,1780929515736.375,147
599616348455.2004,1780929515736.385,166
599616348455.2004,1780929515736.394,186
599616348455.2004,1780929515736.404,252
599616348455.2004,1780929515736.414,484
599616348455.2004,1780929515736.423,855
599616348455.2004,1780929515736.4321,934
599616348455.2004,1780929515736.4421,277
599616348455.2004,1780929515736.451,-593
599616348455.2004,1780929515736.461,-650
599616348455.2004,1780929515736.482,-122
599616348455.2004,1780929515736.492,59
599616348455.2004,1780929515736.501,-59
599616348455.2004,1780929515736.51,-38
599616348455.2004,1780929515736.519,18
599616348455.2004,1780929515736.5352,4
599616348455.2004,1780929515736.5452,20
599616348455.2004,1780929515736.554,59
599616348455.2004,1780929515736.563,70
599616348455.2004,1780929515736.572,86
599616348455.2004,1780929515736.581,106
599616348455.2004,1780929515736.5898,120
599616348455.2004,1780929515736.5999,141
599616348455.2004,1780929515736.609,156
599616348455.2004,1780929515736.6182,168
599616348455.2004,1780929515736.6272,186
599616348455.2004,1780929515736.636,193
599616348455.2004,1780929515736.645,202
599616348455.2004,1780929515736.654,225
599616348455.2004,1780929515736.664,247
599616348455.2004,1780929515736.673,270
599616348455.2004,1780929515736.682,304
599616348455.2004,1780929515736.691,320
599616348455.2004,1780929515736.732,307
599616348455.2004,1780929515736.777,316
599616348455.2004,1780929515736.998,363
599616348455.2004,1780929515737.0132,400
599616348455.2004,1780929515737.1099,404
599616348455.2004,1780929515737.251,391
599616348455.2004,1780929515737.269,388
599616348455.2004,1780929515737.279,379
599616348455.2004,1780929515737.289,348
599616348455.2004,1780929515737.298,318
599616348455.2004,1780929515737.3071,275
599616348455.2004,1780929515737.316,209
599616348455.2004,1780929515737.326,152
599616348455.2004,1780929515737.335,111
599616348455.2004,1780929515737.344,65
599616348455.2004,1780929515737.3508,31
599616348455.2004,1780929515737.3582,13
599616348455.2004,1780929515737.365,0
599616348455.2004,1780929515737.373,-6
599616348455.2004,1780929515737.3801,-31
599616348455.2004,1780929515737.388,-86
599616348455.2004,1780929515737.396,-97
599616348455.2004,1780929515737.4028,-65
599616348455.2004,1780929515737.504,-45
599616348455.2004,1780929515737.5159,-27
599616348455.2004,1780929515737.524,0
599616348455.2004,1780929515737.532,13
599616348455.2004,1780929515737.541,4
599616348455.2004,1780929515737.548,-18
599616348455.2004,1780929515737.556,-25
599616348455.2004,1780929515737.564,4
599616348455.2004,1780929515737.571,29
599616348455.2004,1780929515737.578,34
599616348455.2004,1780929515737.585,40
599616348455.2004,1780929515737.593,50
599616348455.2004,1780929515737.6,63
599616349017.0725,1780929516320.731,84
599616349017.0725,1780929516320.7532,97
599616349017.0725,1780929516320.759,88
599616349017.0725,1780929516320.786,43
599616349017.0725,1780929516320.7952,-13
599616349017.0725,1780929516320.802,-15
599616349017.0725,1780929516320.8088,15
599616349017.0725,1780929516320.8152,27
599616349017.0725,1780929516320.82,22
599616349017.0725,1780929516320.8262,-20
599616349017.0725,1780929516320.8352,-79
599616349017.0725,1780929516320.841,-75
599616349017.0725,1780929516320.847,-31
599616349017.0725,1780929516320.853,-13
599616349017.0725,1780929516320.859,-13
599616349017.0725,1780929516321.296,-2
599616349017.0725,1780929516321.3079,11
599616349017.0725,1780929516321.3142,34
599616349017.0725,1780929516321.321,59
599616349017.0725,1780929516321.327,72
599616349017.0725,1780929516321.333,77
599616349017.0725,1780929516321.34,77
599616349017.0725,1780929516321.346,77
599616349017.0725,1780929516321.352,50
599616349017.0725,1780929516321.357,6
599616349017.0725,1780929516321.363,6
599616349017.0725,1780929516321.369,29
599616349017.0725,1780929516321.375,22
599616349017.0725,1780929516321.381,25
599616349017.0725,1780929516321.387,45
599616349017.0725,1780929516321.393,63
599616349017.0725,1780929516321.399,75
599616349017.0725,1780929516321.46,65
599616349017.0725,1780929516321.467,31
599616349017.0725,1780929516321.473,15
599616349017.0725,1780929516321.479,18
599616349017.0725,1780929516321.485,22
599616349017.0725,1780929516321.491,40
599616349017.0725,1780929516321.497,63
599616349017.0725,1780929516321.776,79
599616349017.0725,1780929516321.784,113
599616349017.0725,1780929516321.79,159
599616349017.0725,1780929516321.7969,179
599616349017.0725,1780929516321.802,118
599616349017.0725,1780929516321.809,22
599616349017.0725,1780929516321.815,2
599616349017.0725,1780929516321.825,36
599616349017.0725,1780929516321.831,47
599616349017.0725,1780929516321.837,43
599616349017.0725,1780929516321.843,36
599616349017.0725,1780929516321.849,18
599616349017.0725,1780929516322.176,13
599616349017.0725,1780929516322.288,34
599616349017.0725,1780929516322.298,50
599616349017.0725,1780929516322.304,68
599616349017.0725,1780929516322.311,75
599616349017.0725,1780929516322.318,43
599616349017.0725,1780929516322.325,13
599616349017.0725,1780929516322.331,38
599616349017.0725,1780929516322.337,75
599616349017.0725,1780929516322.343,88
599616349017.0725,1780929516322.35,97
599616349017.0725,1780929516322.355,88
599616349017.0725,1780929516322.362,104
599616349017.0725,1780929516322.368,275
599616349017.0725,1780929516322.374,625
599616349017.0725,1780929516322.399,716
599616349017.0725,1780929516322.406,79
599616349017.0725,1780929516322.412,-714
599616349017.0725,1780929516322.418,-696
599616349017.0725,1780929516322.4238,-163
599616349017.0725,1780929516322.43,38
599616349017.0725,1780929516322.436,6
